cuaris94,2233396d-2cc9-4310-a092-5673b6c726d6
plub71,3cc11a62-b703-4e57-be09-58f3c0f01e85
retrovidya,58e04810-1da0-4e17-ba7f-f2c22e90047f
chesvin1,5a32cd55-9e5f-43bf-9b63-b602a19571a2
lordsherman,7e418993-7482-43b2-a8f6-740d6a308ce5
santoii,89cd7c61-bcc5-4605-8ba1-aded236cf51c
allandev,bdc83502-6d75-4c26-a633-729e9ed81aee
robert_beckley,c0a68af6-e4ee-4b2b-b6bd-4287d97f0755
spiderrobotman,28bb290c-cce5-481c-b158-d7f9a042100d
allanstrat,f0e7f028-4955-4dc8-8e40-d334ef0bd19a
schvaar,50acbb31-4912-4fca-afc0-9d3e7443a222
fraeduu,7a6328cd-e1fb-4a07-a551-e9dfdbd24eea
